                  epoch,         train/box_loss,         train/cls_loss,         train/dfl_loss,   metrics/precision(B),      metrics/recall(B),       metrics/mAP50(B),    metrics/mAP50-95(B),           val/box_loss,           val/cls_loss,           val/dfl_loss,                 lr/pg0,                 lr/pg1,                 lr/pg2
                      0,                 2.3342,                 2.2513,                 1.8208,                0.51807,                0.48033,                0.46426,                0.19064,                   1.96,                 1.9371,                 1.4858,             0.00065854,             0.00065854,             0.00065854
                      1,                 1.7968,                 1.5221,                 1.4068,                0.47858,                0.54981,                0.45904,                0.21058,                 1.7672,                 2.1989,                 1.3578,              0.0013219,              0.0013219,              0.0013219
                      2,                 1.7466,                 1.4504,                 1.3417,                0.56106,                0.56195,                0.53211,                0.24124,                 1.7913,                 1.7525,                 1.3543,               0.001982,               0.001982,               0.001982
                      3,                 1.7232,                 1.4458,                 1.3183,                0.56715,                0.59317,                0.57013,                0.27029,                 1.7223,                 1.3967,                 1.3436,              0.0019852,              0.0019852,              0.0019852
                      4,                  1.686,                 1.3834,                 1.3073,                0.59445,                0.60299,                0.59242,                0.28537,                 1.7116,                 1.3882,                 1.3101,              0.0019852,              0.0019852,              0.0019852
                      5,                 1.6668,                 1.3886,                 1.2892,                0.56513,                0.58764,                0.57609,                0.26515,                 1.7631,                 1.4571,                 1.3303,              0.0019802,              0.0019802,              0.0019802
                      6,                 1.6532,                 1.3611,                 1.2772,                0.57842,                0.57854,                0.56294,                0.28037,                 1.6458,                 1.3456,                 1.2813,              0.0019753,              0.0019753,              0.0019753
                      7,                 1.6276,                 1.3401,                 1.2701,                0.57627,                0.56358,                0.56728,                0.28289,                 1.6587,                 1.4427,                    1.3,              0.0019703,              0.0019703,              0.0019703
                      8,                 1.6117,                 1.3478,                 1.2507,                0.59634,                0.59415,                0.59732,                0.27642,                 1.7957,                 1.3047,                 1.3507,              0.0019654,              0.0019654,              0.0019654
                      9,                 1.6031,                  1.311,                 1.2584,                0.60652,                0.59415,                0.61268,                0.30324,                 1.6643,                 1.3252,                 1.2947,              0.0019604,              0.0019604,              0.0019604
                     10,                 1.6185,                 1.2956,                 1.2491,                0.61228,                0.61073,                 0.6121,                0.30771,                 1.6274,                 1.2447,                 1.2872,              0.0019555,              0.0019555,              0.0019555
                     11,                 1.5878,                 1.2818,                 1.2418,                0.58898,                0.60228,                0.58662,                0.29589,                 1.6252,                 1.3033,                 1.2736,              0.0019505,              0.0019505,              0.0019505
                     12,                 1.5808,                 1.2828,                 1.2479,                0.63196,                0.61268,                 0.6255,                0.31118,                 1.6461,                 1.2294,                 1.2825,              0.0019456,              0.0019456,              0.0019456
                     13,                 1.5652,                 1.2573,                 1.2279,                0.61223,                0.63024,                0.61632,                 0.3171,                 1.5863,                 1.2431,                 1.2579,              0.0019406,              0.0019406,              0.0019406
                     14,                 1.5446,                 1.2583,                 1.2242,                0.65006,                 0.6029,                0.64472,                0.33142,                 1.5845,                 1.2264,                  1.266,              0.0019357,              0.0019357,              0.0019357
                     15,                 1.5531,                 1.2519,                 1.2203,                0.61829,                0.63896,                0.64362,                0.32901,                 1.6033,                 1.2575,                 1.2614,              0.0019307,              0.0019307,              0.0019307
                     16,                 1.5485,                 1.2577,                 1.2364,                0.62044,                0.62472,                0.63313,                0.32719,                 1.5971,                  1.246,                 1.2581,              0.0019258,              0.0019258,              0.0019258
                     17,                 1.5254,                 1.2145,                  1.219,                0.61227,                0.61727,                0.62765,                0.30759,                 1.6907,                 1.2163,                 1.2912,              0.0019208,              0.0019208,              0.0019208
                     18,                 1.5306,                 1.2178,                 1.2145,                0.57292,                0.63642,                0.61501,                0.31552,                  1.616,                 1.2428,                 1.2589,              0.0019159,              0.0019159,              0.0019159
                     19,                 1.5201,                 1.2094,                 1.2109,                0.62966,                0.62701,                0.64105,                0.31827,                 1.6588,                 1.2401,                 1.2666,              0.0019109,              0.0019109,              0.0019109
                     20,                 1.5105,                 1.2238,                 1.2064,                0.64407,                0.62142,                0.64517,                0.32775,                 1.6444,                  1.203,                 1.2651,               0.001906,               0.001906,               0.001906
                     21,                 1.5161,                 1.2274,                 1.1946,                0.62459,                0.62179,                 0.6477,                0.33081,                 1.6021,                 1.1968,                 1.2342,               0.001901,               0.001901,               0.001901
                     22,                 1.5031,                    1.2,                 1.1974,                0.63642,                0.64553,                0.66462,                0.32698,                 1.6515,                 1.2054,                 1.2441,              0.0018961,              0.0018961,              0.0018961
                     23,                 1.5357,                 1.2363,                 1.2038,                 0.6422,                0.63772,                0.65412,                0.33665,                 1.5995,                 1.1966,                 1.2323,              0.0018911,              0.0018911,              0.0018911
                     24,                 1.5037,                 1.2412,                 1.1907,                0.62982,                0.65203,                0.66237,                0.35343,                 1.5345,                 1.1763,                 1.2132,              0.0018862,              0.0018862,              0.0018862
                     25,                  1.507,                 1.1848,                 1.1862,                0.63512,                0.63852,                0.65334,                0.33879,                 1.5942,                 1.2042,                 1.2345,              0.0018812,              0.0018812,              0.0018812
                     26,                 1.4999,                 1.1874,                 1.1894,                0.63601,                0.65561,                0.67482,                0.35829,                  1.549,                 1.1479,                 1.2121,              0.0018763,              0.0018763,              0.0018763
                     27,                 1.4921,                 1.1898,                 1.1802,                0.64701,                0.64715,                0.66864,                0.33895,                 1.6072,                 1.1826,                 1.2326,              0.0018713,              0.0018713,              0.0018713
                     28,                 1.4863,                 1.1781,                 1.1833,                0.64152,                0.63434,                0.65099,                0.33732,                  1.616,                 1.2063,                 1.2468,              0.0018663,              0.0018663,              0.0018663
                     29,                 1.4864,                 1.1618,                 1.1774,                0.64255,                0.66175,                0.67396,                0.35732,                  1.541,                 1.1447,                 1.2203,              0.0018614,              0.0018614,              0.0018614
                     30,                 1.5013,                   1.19,                 1.1834,                0.65404,                0.63632,                0.66913,                0.34628,                 1.5759,                 1.1566,                 1.2305,              0.0018564,              0.0018564,              0.0018564
                     31,                 1.4829,                 1.1745,                 1.1747,                0.64022,                0.66492,                0.67107,                0.35092,                 1.5567,                 1.1688,                 1.2214,              0.0018515,              0.0018515,              0.0018515
                     32,                 1.4681,                 1.1693,                  1.176,                0.68022,                0.62764,                0.68185,                0.35645,                 1.5635,                 1.1437,                 1.2189,              0.0018465,              0.0018465,              0.0018465
                     33,                 1.4876,                  1.161,                 1.1706,                0.65118,                0.66294,                0.67961,                0.35888,                 1.5585,                 1.1371,                 1.2052,              0.0018416,              0.0018416,              0.0018416
                     34,                 1.4642,                 1.1519,                 1.1725,                0.66495,                0.62151,                0.66823,                0.35813,                 1.5251,                 1.1476,                 1.2013,              0.0018367,              0.0018367,              0.0018367
                     35,                 1.4669,                 1.1559,                  1.172,                0.66034,                0.64487,                0.66081,                0.34837,                 1.5662,                 1.1616,                 1.2098,              0.0018317,              0.0018317,              0.0018317
                     36,                 1.4673,                 1.1596,                 1.1589,                0.62699,                0.65379,                0.66785,                0.35235,                 1.5361,                 1.1709,                 1.1992,              0.0018267,              0.0018267,              0.0018267
                     37,                  1.471,                 1.1491,                 1.1679,                0.65645,                0.65073,                0.67308,                0.35459,                  1.578,                 1.1462,                 1.2172,              0.0018218,              0.0018218,              0.0018218
                     38,                 1.4586,                 1.1358,                 1.1572,                0.65711,                0.64564,                0.67515,                0.35808,                 1.5319,                 1.1608,                 1.2007,              0.0018168,              0.0018168,              0.0018168
                     39,                 1.4589,                 1.1419,                 1.1781,                0.65557,                0.65236,                0.67857,                0.35909,                 1.5347,                 1.1585,                  1.199,              0.0018119,              0.0018119,              0.0018119
                     40,                 1.4587,                 1.1432,                 1.1616,                0.67023,                0.64683,                0.68101,                0.35879,                 1.5448,                 1.1538,                 1.2044,              0.0018069,              0.0018069,              0.0018069
                     41,                 1.4602,                 1.1476,                 1.1678,                0.67411,                0.63935,                0.68494,                0.36524,                 1.5398,                 1.1388,                 1.2022,               0.001802,               0.001802,               0.001802
                     42,                 1.4552,                  1.143,                 1.1608,                  0.646,                0.65931,                0.67734,                0.36037,                  1.516,                 1.1442,                 1.2093,              0.0017971,              0.0017971,              0.0017971
                     43,                 1.4425,                 1.1303,                 1.1563,                0.65587,                0.66567,                0.68939,                0.37031,                 1.5215,                 1.1199,                 1.1968,              0.0017921,              0.0017921,              0.0017921
                     44,                  1.436,                 1.1251,                 1.1549,                0.67295,                 0.6478,                0.69912,                0.37401,                 1.5142,                 1.1103,                  1.198,              0.0017872,              0.0017872,              0.0017872
                     45,                 1.4638,                 1.1332,                  1.163,                0.69011,                0.62283,                0.68107,                0.36511,                 1.5052,                 1.1405,                 1.1843,              0.0017822,              0.0017822,              0.0017822
                     46,                 1.4438,                 1.1207,                 1.1586,                0.66573,                 0.6478,                0.68679,                0.36563,                 1.5326,                 1.1379,                 1.1938,              0.0017772,              0.0017772,              0.0017772
                     47,                 1.4347,                 1.1217,                 1.1461,                0.66083,                0.66022,                0.68217,                0.36798,                 1.5216,                 1.1268,                 1.1985,              0.0017723,              0.0017723,              0.0017723
                     48,                 1.4454,                 1.1222,                 1.1559,                 0.6545,                0.65203,                0.68835,                0.36458,                 1.5366,                  1.138,                 1.1984,              0.0017674,              0.0017674,              0.0017674
                     49,                 1.4352,                 1.1171,                 1.1518,                0.66101,                0.65301,                 0.6918,                0.37203,                  1.539,                 1.1144,                 1.2097,              0.0017624,              0.0017624,              0.0017624
                     50,                 1.4466,                 1.1351,                 1.1599,                0.66117,                0.63187,                0.68534,                0.35601,                 1.5742,                 1.1503,                  1.217,              0.0017575,              0.0017575,              0.0017575
                     51,                 1.4238,                 1.1068,                 1.1542,                0.65813,                0.63294,                0.67787,                0.36218,                 1.5127,                 1.1408,                 1.1938,              0.0017525,              0.0017525,              0.0017525
                     52,                 1.4341,                 1.1095,                 1.1521,                0.67575,                0.66179,                0.70053,                0.37492,                 1.5345,                 1.1062,                 1.2016,              0.0017476,              0.0017476,              0.0017476
                     53,                 1.4301,                 1.1274,                  1.159,                0.66381,                0.66331,                0.69361,                0.37038,                 1.5269,                 1.1335,                 1.1908,              0.0017426,              0.0017426,              0.0017426
                     54,                 1.4353,                  1.105,                   1.14,                 0.6798,                0.65138,                0.69858,                0.37877,                 1.5053,                 1.1035,                 1.1871,              0.0017376,              0.0017376,              0.0017376
                     55,                 1.3969,                 1.1195,                 1.1354,                0.66733,                0.65366,                0.69259,                0.37115,                 1.5353,                 1.1058,                  1.193,              0.0017327,              0.0017327,              0.0017327
                     56,                 1.4246,                 1.1012,                 1.1468,                0.67921,                0.65275,                0.70129,                0.37369,                 1.4954,                  1.115,                 1.1804,              0.0017278,              0.0017278,              0.0017278
                     57,                 1.4166,                 1.0855,                 1.1482,                0.69216,                0.65078,                 0.7029,                0.37595,                 1.5497,                 1.0945,                 1.1943,              0.0017228,              0.0017228,              0.0017228
                     58,                 1.4154,                 1.0947,                 1.1436,                0.67703,                 0.6517,                0.68889,                0.36764,                  1.538,                 1.1245,                 1.2104,              0.0017179,              0.0017179,              0.0017179
                     59,                 1.4144,                 1.0875,                 1.1462,                0.68665,                0.65138,                 0.7024,                0.38381,                 1.5033,                 1.0997,                 1.1834,              0.0017129,              0.0017129,              0.0017129
                     60,                 1.4172,                 1.0957,                  1.134,                0.67548,                0.64103,                0.69554,                0.37106,                 1.5487,                 1.1171,                 1.1904,               0.001708,               0.001708,               0.001708
                     61,                 1.4208,                 1.1088,                 1.1464,                0.67972,                0.66146,                0.69904,                0.37229,                 1.5508,                 1.1028,                  1.198,               0.001703,               0.001703,               0.001703
                     62,                 1.3952,                 1.0721,                  1.136,                0.68431,                0.67024,                0.70414,                0.38079,                 1.4965,                 1.0934,                 1.1839,               0.001698,               0.001698,               0.001698
                     63,                 1.4057,                 1.0718,                 1.1357,                0.66809,                0.66927,                 0.7034,                0.37784,                 1.5271,                 1.0955,                 1.1931,              0.0016931,              0.0016931,              0.0016931
                     64,                 1.4239,                 1.0848,                 1.1576,                0.68302,                 0.6692,                0.70453,                0.36545,                 1.5766,                 1.1043,                 1.2198,              0.0016882,              0.0016882,              0.0016882
                     65,                 1.4242,                 1.0848,                 1.1431,                 0.6737,                0.66271,                0.70337,                0.38817,                 1.4784,                 1.0918,                 1.1733,              0.0016832,              0.0016832,              0.0016832
                     66,                 1.4079,                 1.0894,                 1.1361,                0.67992,                0.65835,                0.70099,                0.38441,                 1.5028,                 1.0879,                 1.1757,              0.0016783,              0.0016783,              0.0016783
                     67,                 1.3889,                 1.0717,                 1.1287,                0.67334,                0.67382,                 0.7021,                0.38467,                  1.509,                 1.0964,                 1.1873,              0.0016733,              0.0016733,              0.0016733
                     68,                  1.411,                 1.0871,                 1.1407,                0.66151,                0.66244,                0.69394,                0.37865,                 1.5028,                 1.1225,                 1.1825,              0.0016684,              0.0016684,              0.0016684
                     69,                 1.4048,                 1.0826,                 1.1367,                0.70022,                0.64568,                0.70654,                0.37806,                 1.5094,                 1.1007,                 1.1951,              0.0016634,              0.0016634,              0.0016634
                     70,                 1.3993,                 1.0693,                  1.134,                 0.7013,                0.65593,                0.71386,                0.37887,                 1.5295,                 1.0975,                 1.1905,              0.0016585,              0.0016585,              0.0016585
                     71,                 1.3927,                 1.0643,                 1.1346,                0.67874,                0.64172,                0.69034,                0.37305,                 1.5276,                 1.1271,                 1.1969,              0.0016535,              0.0016535,              0.0016535
                     72,                 1.3956,                 1.0631,                 1.1293,                0.66571,                0.66407,                0.69672,                0.37894,                 1.5056,                 1.0957,                 1.1777,              0.0016485,              0.0016485,              0.0016485
                     73,                 1.3953,                 1.0743,                 1.1362,                0.67938,                0.66667,                0.69787,                0.37627,                 1.5306,                 1.0837,                 1.1955,              0.0016436,              0.0016436,              0.0016436
                     74,                 1.3896,                 1.0571,                 1.1321,                0.68841,                0.66389,                0.70916,                0.38193,                 1.5128,                 1.0946,                 1.1875,              0.0016386,              0.0016386,              0.0016386
                     75,                 1.3982,                 1.0495,                 1.1315,                0.69072,                0.66569,                0.71047,                0.38067,                 1.5284,                 1.0943,                 1.1858,              0.0016337,              0.0016337,              0.0016337
                     76,                 1.3982,                 1.0534,                 1.1284,                0.68922,                0.65054,                 0.7069,                0.38092,                 1.5325,                 1.0827,                    1.2,              0.0016287,              0.0016287,              0.0016287
                     77,                 1.3983,                 1.0687,                  1.132,                0.67744,                0.67024,                0.71095,                0.38139,                 1.5256,                 1.1083,                 1.1943,              0.0016238,              0.0016238,              0.0016238
                     78,                 1.3896,                 1.0543,                  1.131,                0.66572,                0.67057,                0.70096,                 0.3774,                 1.5277,                 1.0962,                 1.1924,              0.0016189,              0.0016189,              0.0016189
                     79,                 1.4083,                 1.0647,                 1.1417,                0.68799,                0.66762,                0.71049,                0.38814,                 1.4943,                 1.0851,                 1.1817,              0.0016139,              0.0016139,              0.0016139
                     80,                 1.3842,                 1.0334,                 1.1296,                0.68205,                0.66832,                0.70801,                0.38061,                 1.5095,                 1.0829,                  1.182,              0.0016089,              0.0016089,              0.0016089
                     81,                 1.3738,                 1.0317,                 1.1244,                0.69497,                0.65789,                0.71231,                0.38288,                 1.4987,                 1.0869,                 1.1794,               0.001604,               0.001604,               0.001604
                     82,                  1.372,                 1.0287,                 1.1192,                0.68715,                0.67929,                0.71744,                0.38435,                 1.5125,                 1.0852,                 1.1851,              0.0015991,              0.0015991,              0.0015991
                     83,                 1.3872,                 1.0445,                 1.1203,                 0.6831,                0.66959,                0.71068,                0.38573,                 1.4979,                 1.0843,                 1.1797,              0.0015941,              0.0015941,              0.0015941
                     84,                 1.3831,                 1.0536,                 1.1365,                0.67624,                0.65919,                0.69678,                0.37922,                 1.4985,                 1.1078,                 1.1855,              0.0015892,              0.0015892,              0.0015892
                     85,                 1.3648,                 1.0222,                 1.1176,                0.66365,                0.66309,                0.69882,                0.37738,                 1.5205,                 1.0992,                 1.1937,              0.0015842,              0.0015842,              0.0015842
                     86,                 1.3739,                 1.0513,                 1.1264,                0.68797,                0.65724,                0.71397,                0.38128,                 1.5188,                 1.0926,                 1.1891,              0.0015793,              0.0015793,              0.0015793
                     87,                 1.3736,                 1.0437,                 1.1304,                0.69597,                0.65041,                0.71342,                0.38073,                 1.5093,                 1.0983,                 1.1938,              0.0015743,              0.0015743,              0.0015743
                     88,                 1.3936,                 1.0513,                 1.1276,                0.67168,                0.66197,                0.69907,                0.37747,                 1.5007,                  1.089,                  1.191,              0.0015693,              0.0015693,              0.0015693
                     89,                 1.3775,                 1.0508,                 1.1286,                0.66882,                0.67054,                0.71087,                0.38784,                 1.4948,                  1.084,                  1.187,              0.0015644,              0.0015644,              0.0015644
                     90,                 1.3747,                 1.0318,                 1.1279,                0.68631,                0.65301,                0.70203,                0.37354,                 1.5405,                 1.0975,                 1.1952,              0.0015594,              0.0015594,              0.0015594
                     91,                 1.3672,                 1.0351,                 1.1141,                0.67095,                0.67415,                0.71373,                0.39246,                 1.4793,                 1.0806,                  1.173,              0.0015545,              0.0015545,              0.0015545
                     92,                 1.3591,                 1.0331,                 1.1275,                0.68742,                0.65797,                0.70482,                0.38251,                 1.4983,                 1.0733,                 1.1823,              0.0015496,              0.0015496,              0.0015496
                     93,                 1.3549,                 1.0269,                 1.1076,                0.67616,                0.66894,                0.70291,                0.38492,                 1.4921,                 1.0963,                 1.1721,              0.0015446,              0.0015446,              0.0015446
                     94,                 1.3772,                 1.0236,                 1.1158,                0.69327,                0.66927,                0.71339,                0.38111,                 1.5367,                 1.0829,                 1.1943,              0.0015397,              0.0015397,              0.0015397
                     95,                 1.3659,                 1.0333,                 1.1152,                0.68942,                0.66341,                0.71378,                0.39052,                 1.5011,                 1.0708,                 1.1881,              0.0015347,              0.0015347,              0.0015347
                     96,                 1.3541,                 1.0151,                 1.1055,                0.68916,                0.67447,                0.71224,                 0.3876,                 1.5082,                 1.0638,                 1.1946,              0.0015298,              0.0015298,              0.0015298
                     97,                 1.3638,                 1.0092,                 1.1168,                0.69536,                0.65106,                 0.7081,                0.38524,                 1.5014,                 1.0804,                 1.1771,              0.0015248,              0.0015248,              0.0015248
                     98,                 1.3577,                 1.0181,                 1.1157,                0.69427,                0.67317,                0.72029,                0.39219,                 1.4957,                 1.0757,                 1.1725,              0.0015199,              0.0015199,              0.0015199
                     99,                 1.3604,                 1.0586,                  1.121,                0.69863,                0.66265,                0.71201,                0.38337,                 1.4954,                 1.1006,                 1.1818,              0.0015149,              0.0015149,              0.0015149
                    100,                 1.3621,                 1.0188,                 1.1119,                0.70115,                0.65691,                0.70895,                0.38954,                 1.4976,                 1.0823,                 1.1702,              0.0015099,              0.0015099,              0.0015099
                    101,                 1.3467,                0.99727,                 1.1144,                 0.6941,                0.66633,                0.71776,                0.39049,                 1.4957,                 1.0652,                 1.1794,               0.001505,               0.001505,               0.001505
                    102,                 1.3452,                 1.0091,                 1.1066,                0.68089,                0.67585,                0.71801,                0.39155,                 1.5003,                  1.063,                 1.1863,              0.0015001,              0.0015001,              0.0015001
                    103,                 1.3664,                 1.0318,                 1.1267,                0.69074,                0.67623,                0.71377,                0.38785,                   1.51,                 1.0703,                 1.1884,              0.0014951,              0.0014951,              0.0014951
                    104,                 1.3588,                 1.0223,                 1.1169,                0.67756,                0.67837,                0.71655,                 0.3919,                 1.4949,                 1.0606,                 1.1826,              0.0014901,              0.0014901,              0.0014901
                    105,                 1.3579,                 1.0222,                  1.108,                0.68345,                0.67827,                0.70398,                0.37692,                 1.5249,                  1.086,                 1.1996,              0.0014852,              0.0014852,              0.0014852
                    106,                 1.3648,                 1.0141,                 1.1106,                0.69316,                0.67187,                0.71322,                0.38991,                    1.5,                 1.0628,                 1.1838,              0.0014803,              0.0014803,              0.0014803
                    107,                 1.3521,                 1.0238,                 1.1131,                0.70396,                0.65422,                0.70223,                0.38426,                 1.4746,                 1.0962,                 1.1683,              0.0014753,              0.0014753,              0.0014753
                    108,                 1.3531,                 1.0006,                 1.1033,                 0.7075,                0.66959,                0.72373,                0.39303,                 1.5131,                 1.0547,                 1.1818,              0.0014703,              0.0014703,              0.0014703
                    109,                 1.3612,                 1.0168,                 1.1147,                0.68194,                0.69041,                0.72031,                 0.3923,                 1.4894,                  1.057,                 1.1811,              0.0014654,              0.0014654,              0.0014654
                    110,                  1.345,                 1.0055,                 1.1073,                0.68172,                0.67773,                 0.7174,                0.39493,                 1.4704,                 1.0669,                 1.1764,              0.0014605,              0.0014605,              0.0014605
                    111,                 1.3571,                 1.0074,                 1.1116,                 0.6786,                0.68112,                0.71246,                0.39143,                 1.4961,                 1.0647,                  1.182,              0.0014555,              0.0014555,              0.0014555
                    112,                 1.3473,                0.99591,                 1.1002,                0.68036,                0.67282,                0.71126,                0.38738,                 1.5065,                 1.0827,                 1.1871,              0.0014505,              0.0014505,              0.0014505
                    113,                 1.3475,                0.99987,                 1.1076,                0.70179,                0.68188,                0.72717,                0.39493,                 1.5075,                 1.0507,                 1.1898,              0.0014456,              0.0014456,              0.0014456
                    114,                 1.3449,                0.99806,                 1.1065,                0.69295,                0.67005,                0.72157,                 0.3932,                 1.4887,                 1.0673,                 1.1788,              0.0014406,              0.0014406,              0.0014406
                    115,                  1.335,                0.98915,                 1.1057,                0.71207,                0.65593,                0.71873,                0.39312,                 1.4977,                 1.0545,                 1.1877,              0.0014357,              0.0014357,              0.0014357
                    116,                 1.3483,                0.99485,                 1.1087,                0.66731,                0.68098,                0.71566,                0.38966,                 1.5065,                 1.0587,                 1.2005,              0.0014307,              0.0014307,              0.0014307
                    117,                 1.3464,                 1.0095,                 1.1138,                0.70681,                0.67154,                0.72575,                0.39709,                 1.4971,                 1.0567,                 1.1876,              0.0014258,              0.0014258,              0.0014258
                    118,                 1.3646,                 1.0077,                  1.124,                0.69036,                0.67545,                0.72108,                0.39526,                 1.4938,                 1.0538,                 1.1913,              0.0014208,              0.0014208,              0.0014208
                    119,                 1.3504,                0.99799,                  1.106,                0.68495,                   0.68,                0.71759,                0.39004,                 1.5077,                 1.0582,                 1.1786,              0.0014159,              0.0014159,              0.0014159
                    120,                 1.3348,                0.98513,                 1.1102,                0.69528,                0.67382,                 0.7185,                0.39275,                 1.5165,                 1.0662,                 1.1824,               0.001411,               0.001411,               0.001411
                    121,                 1.3395,                0.98541,                 1.1074,                0.69884,                0.67967,                0.72474,                0.39838,                 1.4945,                 1.0562,                 1.1823,               0.001406,               0.001406,               0.001406
                    122,                 1.3334,                0.97531,                 1.1003,                 0.7007,                 0.6735,                0.71975,                0.39183,                 1.5134,                 1.0559,                 1.1847,              0.0014011,              0.0014011,              0.0014011
                    123,                 1.3426,                0.98792,                 1.1013,                0.69968,                0.67505,                0.72639,                  0.398,                 1.4927,                 1.0531,                 1.1855,              0.0013961,              0.0013961,              0.0013961
                    124,                 1.3493,                  1.002,                 1.1133,                0.70533,                 0.6826,                0.72396,                  0.397,                 1.4947,                 1.0504,                 1.1776,              0.0013912,              0.0013912,              0.0013912
                    125,                 1.3283,                0.97476,                 1.1072,                0.70955,                0.67707,                0.72255,                0.39535,                  1.501,                 1.0484,                 1.1867,              0.0013862,              0.0013862,              0.0013862
                    126,                 1.3346,                0.99186,                 1.1028,                0.69896,                0.69301,                0.72733,                0.40063,                 1.4829,                  1.046,                 1.1822,              0.0013813,              0.0013813,              0.0013813
                    127,                 1.3653,                 1.0107,                 1.1043,                0.70629,                0.67057,                 0.7166,                0.38782,                 1.5248,                 1.0641,                 1.1884,              0.0013763,              0.0013763,              0.0013763
                    128,                  1.333,                0.98419,                  1.101,                 0.6966,                0.68163,                0.71869,                0.39149,                 1.5096,                 1.0565,                 1.1827,              0.0013714,              0.0013714,              0.0013714
                    129,                 1.3319,                 0.9779,                 1.1048,                 0.6929,                0.69193,                0.72934,                0.39714,                 1.5088,                 1.0599,                  1.191,              0.0013664,              0.0013664,              0.0013664
                    130,                 1.3265,                0.97663,                 1.1034,                0.70529,                0.67545,                0.71589,                0.39199,                 1.4907,                 1.0677,                 1.1734,              0.0013615,              0.0013615,              0.0013615
                    131,                 1.3344,                0.98804,                 1.1059,                0.69047,                0.67285,                0.70932,                0.38447,                 1.5032,                 1.0839,                 1.1811,              0.0013565,              0.0013565,              0.0013565
                    132,                 1.3373,                0.98171,                 1.1088,                0.70174,                0.66309,                0.71863,                0.40079,                 1.4686,                 1.0541,                 1.1768,              0.0013515,              0.0013515,              0.0013515
                    133,                 1.3345,                0.99069,                 1.1041,                0.68777,                0.67382,                0.71877,                0.40108,                 1.4684,                 1.0507,                 1.1834,              0.0013466,              0.0013466,              0.0013466
                    134,                 1.3465,                0.99873,                 1.1087,                0.69095,                0.68585,                0.72345,                0.39558,                 1.4977,                 1.0452,                 1.1849,              0.0013417,              0.0013417,              0.0013417
                    135,                 1.3224,                 1.0745,                 1.1057,                  0.699,                 0.6852,                0.73187,                0.40252,                 1.4948,                 1.0262,                 1.1815,              0.0013367,              0.0013367,              0.0013367
                    136,                  1.337,                 0.9706,                 1.1069,                0.71106,                0.66537,                0.71675,                0.39403,                 1.4988,                 1.0381,                 1.1915,              0.0013318,              0.0013318,              0.0013318
                    137,                 1.3321,                 0.9666,                 1.1013,                0.69811,                0.67545,                0.72261,                0.39682,                 1.5015,                 1.0543,                 1.1858,              0.0013268,              0.0013268,              0.0013268
                    138,                 1.3375,                0.96537,                 1.1023,                0.68058,                0.68735,                0.71508,                0.39037,                 1.5045,                 1.0543,                 1.1733,              0.0013219,              0.0013219,              0.0013219
                    139,                 1.3266,                0.96615,                 1.0938,                0.71252,                0.66374,                0.72529,                0.40042,                 1.4807,                 1.0328,                  1.174,              0.0013169,              0.0013169,              0.0013169
                    140,                 1.3319,                0.97833,                 1.1062,                 0.7076,                0.67682,                0.72912,                0.39509,                 1.5175,                  1.048,                 1.1913,               0.001312,               0.001312,               0.001312
                    141,                 1.3157,                0.96171,                 1.0949,                0.68451,                0.70309,                0.72419,                0.39876,                 1.4959,                 1.0419,                 1.1816,               0.001307,               0.001307,               0.001307
                    142,                 1.3154,                0.95588,                 1.0971,                0.68168,                0.68715,                0.72086,                0.39733,                 1.4908,                 1.0462,                 1.1829,               0.001302,               0.001302,               0.001302
                    143,                 1.3311,                0.96835,                 1.0982,                0.70702,                0.67317,                0.72945,                0.40307,                 1.4893,                 1.0418,                 1.1811,              0.0012971,              0.0012971,              0.0012971
                    144,                 1.3245,                0.95952,                 1.0992,                0.70745,                0.67967,                0.72766,                0.40288,                 1.4756,                 1.0369,                 1.1749,              0.0012922,              0.0012922,              0.0012922
                    145,                 1.3011,                0.96027,                 1.0859,                0.69078,                0.69161,                 0.7226,                0.40074,                 1.4783,                 1.0388,                 1.1778,              0.0012872,              0.0012872,              0.0012872
                    146,                 1.3202,                0.96401,                  1.097,                0.70342,                 0.6718,                0.71852,                0.39471,                 1.4997,                 1.0457,                 1.1858,              0.0012822,              0.0012822,              0.0012822
                    147,                 1.3186,                0.95557,                 1.0937,                0.69113,                0.69008,                0.71615,                0.39456,                 1.4803,                 1.0472,                  1.175,              0.0012773,              0.0012773,              0.0012773
                    148,                 1.3126,                0.95378,                 1.0921,                 0.6935,                0.68813,                 0.7236,                0.40145,                 1.4772,                 1.0277,                  1.177,              0.0012724,              0.0012724,              0.0012724
                    149,                 1.2988,                0.94922,                  1.088,                0.69681,                0.68088,                0.71568,                0.38964,                 1.5033,                 1.0519,                 1.1813,              0.0012674,              0.0012674,              0.0012674
                    150,                  1.311,                0.93902,                 1.0908,                0.70764,                 0.6865,                0.72455,                0.39764,                 1.4942,                 1.0364,                 1.1894,              0.0012624,              0.0012624,              0.0012624
                    151,                 1.3069,                 0.9408,                 1.0912,                0.68305,                0.70081,                0.72199,                0.40233,                 1.4719,                  1.032,                 1.1778,              0.0012575,              0.0012575,              0.0012575
                    152,                 1.3007,                0.93533,                 1.0908,                0.68362,                0.70478,                0.73345,                0.40235,                 1.4979,                 1.0283,                 1.1875,              0.0012526,              0.0012526,              0.0012526
                    153,                 1.3196,                0.94656,                 1.1029,                0.70025,                0.69268,                0.72778,                0.39869,                 1.5022,                 1.0312,                 1.1884,              0.0012476,              0.0012476,              0.0012476
                    154,                 1.3063,                0.94524,                 1.0835,                0.69748,                0.68683,                0.72609,                0.40391,                  1.476,                 1.0431,                 1.1789,              0.0012426,              0.0012426,              0.0012426
                    155,                 1.3106,                0.95288,                 1.0976,                0.68746,                0.68878,                0.72397,                 0.3999,                 1.4788,                 1.0337,                 1.1859,              0.0012377,              0.0012377,              0.0012377
                    156,                 1.3008,                0.94364,                 1.0999,                0.71354,                0.67837,                0.73314,                0.40213,                 1.4874,                  1.035,                 1.1809,              0.0012328,              0.0012328,              0.0012328
                    157,                 1.3036,                 0.9322,                 1.0902,                0.71022,                0.68033,                0.72918,                0.40039,                 1.5009,                 1.0353,                 1.1899,              0.0012278,              0.0012278,              0.0012278
                    158,                 1.2999,                0.93246,                 1.0807,                0.70645,                 0.6761,                0.72807,                0.40384,                 1.4947,                 1.0312,                  1.186,              0.0012228,              0.0012228,              0.0012228
                    159,                 1.2991,                0.93199,                 1.0813,                0.69047,                0.69203,                0.72482,                0.39759,                 1.4926,                 1.0424,                 1.1784,              0.0012179,              0.0012179,              0.0012179
                    160,                 1.2919,                0.92553,                 1.0853,                0.70371,                0.68356,                0.72049,                0.39682,                 1.4937,                  1.031,                 1.1802,              0.0012129,              0.0012129,              0.0012129
                    161,                 1.2906,                0.94337,                 1.0855,                0.71834,                0.68325,                0.72524,                0.40043,                 1.4879,                 1.0355,                 1.1847,               0.001208,               0.001208,               0.001208
                    162,                 1.2843,                0.91445,                 1.0795,                0.70438,                 0.6878,                0.72552,                 0.4006,                 1.4848,                 1.0297,                 1.1887,               0.001203,               0.001203,               0.001203
                    163,                 1.3044,                0.93883,                 1.0874,                 0.7054,                0.68715,                0.72578,                  0.399,                 1.4885,                 1.0309,                 1.1824,              0.0011981,              0.0011981,              0.0011981
                    164,                 1.2941,                0.93684,                 1.0925,                0.68891,                0.69366,                0.72213,                 0.3971,                 1.5021,                 1.0462,                 1.1931,              0.0011932,              0.0011932,              0.0011932
                    165,                  1.305,                0.94046,                 1.0962,                0.71749,                0.65247,                 0.7186,                0.39563,                 1.4928,                 1.0501,                 1.1846,              0.0011882,              0.0011882,              0.0011882
                    166,                 1.3071,                0.94599,                 1.0844,                0.70015,                0.69528,                0.72574,                0.39793,                 1.4988,                 1.0312,                 1.1844,              0.0011833,              0.0011833,              0.0011833
                    167,                 1.3032,                0.92765,                  1.087,                0.71592,                0.67675,                0.72404,                  0.401,                 1.4768,                 1.0325,                 1.1804,              0.0011783,              0.0011783,              0.0011783
                    168,                 1.2878,                0.92882,                 1.0847,                0.70726,                0.67089,                0.71995,                0.39739,                 1.4901,                 1.0306,                 1.1916,              0.0011734,              0.0011734,              0.0011734
                    169,                 1.3194,                0.95175,                 1.0891,                0.69441,                0.67618,                0.71949,                0.39988,                 1.4937,                 1.0415,                 1.2015,              0.0011684,              0.0011684,              0.0011684
                    170,                 1.2848,                0.92736,                  1.087,                0.69954,                0.66862,                0.71599,                0.39707,                 1.4884,                 1.0504,                 1.2012,              0.0011635,              0.0011635,              0.0011635
                    171,                 1.2804,                0.91098,                 1.0819,                0.68985,                0.68748,                0.72461,                0.40222,                 1.4954,                 1.0219,                 1.1986,              0.0011585,              0.0011585,              0.0011585
                    172,                 1.3029,                  0.929,                 1.0914,                 0.7112,                0.67415,                0.72921,                0.40301,                 1.4823,                 1.0257,                 1.1894,              0.0011536,              0.0011536,              0.0011536
                    173,                 1.2949,                0.91895,                 1.0861,                0.69781,                0.68976,                0.72745,                0.40321,                 1.4898,                 1.0351,                 1.1906,              0.0011486,              0.0011486,              0.0011486
                    174,                 1.2974,                0.91726,                 1.0787,                0.69724,                0.67779,                0.72104,                0.39281,                 1.5043,                 1.0549,                 1.1953,              0.0011437,              0.0011437,              0.0011437
                    175,                 1.3047,                0.92676,                 1.0812,                 0.6785,                0.68748,                0.71763,                0.39712,                 1.4888,                 1.0427,                 1.1881,              0.0011387,              0.0011387,              0.0011387
                    176,                 1.2954,                0.90879,                 1.0795,                0.68722,                0.69308,                0.72167,                0.39787,                 1.4855,                 1.0455,                 1.1883,              0.0011337,              0.0011337,              0.0011337
                    177,                 1.2762,                0.89731,                  1.073,                0.69659,                0.67577,                0.72047,                  0.399,                 1.4833,                 1.0367,                 1.1871,              0.0011288,              0.0011288,              0.0011288
                    178,                 1.3007,                0.94809,                 1.0897,                0.70854,                0.68293,                0.72606,                0.39919,                 1.5019,                 1.0417,                 1.1901,              0.0011239,              0.0011239,              0.0011239
                    179,                 1.2855,                0.90521,                 1.0779,                0.68822,                0.69951,                0.72651,                0.40378,                 1.4837,                 1.0441,                 1.1905,              0.0011189,              0.0011189,              0.0011189
                    180,                 1.2837,                0.91036,                 1.0814,                0.70385,                0.68358,                0.72034,                0.39704,                 1.4957,                 1.0441,                 1.1934,               0.001114,               0.001114,               0.001114
                    181,                 1.2741,                0.89186,                 1.0762,                 0.6989,                0.67936,                0.71825,                0.39857,                 1.4813,                 1.0501,                 1.1854,               0.001109,               0.001109,               0.001109
                    182,                  1.273,                0.89815,                  1.074,                0.69768,                0.68683,                0.72125,                 0.3973,                 1.5047,                 1.0314,                 1.1943,              0.0011041,              0.0011041,              0.0011041
                    183,                 1.2716,                0.88421,                 1.0687,                0.70842,                0.67871,                0.72578,                0.40273,                 1.4936,                 1.0274,                 1.1952,              0.0010991,              0.0010991,              0.0010991
                    184,                 1.2782,                0.89769,                 1.0776,                0.71488,                0.67678,                0.72483,                 0.4022,                 1.4942,                 1.0371,                 1.1942,              0.0010941,              0.0010941,              0.0010941
                    185,                 1.2668,                0.89958,                 1.0798,                0.68953,                0.69366,                0.72234,                0.40103,                 1.4863,                 1.0375,                  1.189,              0.0010892,              0.0010892,              0.0010892
                    186,                 1.2749,                0.90124,                 1.0782,                0.70347,                0.66812,                0.71791,                0.39825,                 1.5068,                 1.0356,                 1.2096,              0.0010842,              0.0010842,              0.0010842
                    187,                 1.2727,                0.88887,                 1.0717,                0.69932,                0.69203,                0.71927,                0.39714,                 1.5062,                 1.0371,                 1.1992,              0.0010793,              0.0010793,              0.0010793
                    188,                 1.2647,                0.87103,                 1.0634,                0.70559,                0.67805,                0.71956,                0.40014,                 1.5009,                  1.042,                 1.1983,              0.0010743,              0.0010743,              0.0010743
                    189,                 1.2816,                0.89474,                 1.0739,                0.70484,                0.68423,                0.71893,                0.39901,                 1.5059,                 1.0327,                 1.1993,              0.0010694,              0.0010694,              0.0010694
                    190,                 1.2662,                0.88937,                 1.0728,                0.69402,                0.68455,                0.71759,                0.39708,                  1.504,                 1.0514,                 1.1978,              0.0010645,              0.0010645,              0.0010645
                    191,                 1.2694,                 0.8899,                 1.0776,                 0.7014,                0.67835,                0.72229,                0.39593,                  1.517,                 1.0485,                 1.2064,              0.0010595,              0.0010595,              0.0010595
                    192,                 1.2593,                0.87926,                 1.0714,                0.71931,                0.67122,                0.72175,                 0.3994,                 1.5144,                 1.0378,                 1.2078,              0.0010545,              0.0010545,              0.0010545
                    193,                 1.2646,                0.87984,                 1.0752,                0.70913,                0.67935,                0.71895,                 0.3963,                 1.5053,                 1.0394,                 1.1973,              0.0010496,              0.0010496,              0.0010496
                    194,                 1.2699,                 0.8756,                 1.0723,                0.72011,                0.67285,                0.71726,                 0.3957,                 1.5073,                 1.0408,                 1.1969,              0.0010447,              0.0010447,              0.0010447
                    195,                  1.275,                0.89708,                 1.0798,                0.71561,                0.68084,                0.72031,                0.39956,                 1.5029,                 1.0281,                 1.2001,              0.0010397,              0.0010397,              0.0010397
                    196,                 1.2552,                0.87358,                 1.0692,                0.71577,                 0.6813,                0.72119,                0.39595,                 1.5025,                 1.0306,                 1.1993,              0.0010347,              0.0010347,              0.0010347
                    197,                 1.2543,                0.87824,                 1.0663,                0.71336,                 0.6774,                0.72541,                0.40109,                 1.4999,                 1.0271,                 1.1945,              0.0010298,              0.0010298,              0.0010298
                    198,                 1.2651,                0.87281,                 1.0699,                0.69842,                0.68611,                0.72029,                0.39809,                  1.508,                 1.0344,                 1.2039,              0.0010249,              0.0010249,              0.0010249
                    199,                 1.2747,                0.89239,                 1.0755,                0.70549,                 0.6865,                0.72309,                0.39777,                 1.5095,                 1.0367,                 1.2021,              0.0010199,              0.0010199,              0.0010199
                    200,                 1.2722,                0.88906,                 1.0619,                0.72249,                0.66374,                0.72466,                0.39357,                 1.5193,                 1.0463,                 1.2081,              0.0010149,              0.0010149,              0.0010149
                    201,                 1.2648,                 0.8893,                 1.0763,                0.69292,                0.68318,                0.71871,                0.39276,                 1.5079,                 1.0586,                 1.2098,                0.00101,                0.00101,                0.00101
                    202,                 1.2698,                0.87071,                 1.0679,                0.72109,                0.66253,                0.72337,                 0.3986,                 1.5127,                 1.0341,                 1.2034,               0.001005,               0.001005,               0.001005
                    203,                 1.2693,                0.88616,                 1.0793,                0.72002,                0.67577,                0.72401,                0.39962,                 1.5067,                   1.03,                 1.2013,              0.0010001,              0.0010001,              0.0010001
                    204,                 1.2642,                0.88371,                 1.0666,                0.72693,                0.68046,                0.72429,                0.39804,                 1.5063,                  1.038,                 1.2073,             0.00099515,             0.00099515,             0.00099515
                    205,                 1.2458,                0.85368,                  1.059,                0.69531,                0.69758,                0.71718,                0.39076,                 1.5076,                 1.0416,                 1.2015,              0.0009902,              0.0009902,              0.0009902
                    206,                 1.2645,                0.86227,                 1.0728,                0.70132,                0.68846,                 0.7205,                0.39397,                 1.5171,                  1.044,                 1.2025,             0.00098525,             0.00098525,             0.00098525
                    207,                 1.2586,                0.88197,                 1.0718,                0.72876,                0.66754,                0.71777,                0.39076,                 1.5143,                 1.0529,                 1.2084,              0.0009803,              0.0009803,              0.0009803
                    208,                 1.2422,                0.85579,                 1.0623,                0.70052,                 0.6869,                0.71677,                0.39355,                 1.5187,                 1.0572,                 1.2114,             0.00097535,             0.00097535,             0.00097535
